[{
        "text": "Did you know you could play this game on mobile?",
        "frame": 0
    },
    {
        "text": "Pressing R restarts the level. Shift + R resets the whole run in Play mode",
        "frame": 0
    },
    {
        "text": "Activate hard mode in the options if you're a tough player.",
        "frame": 0
    },
    {
        "text": "Activate advanced mode in the options to get level replays.",
        "frame": 0
    },
    {
        "text": "In advanced mode, your can toggle debug mode in the pause menu or using F2.",
        "frame": 0
    },
    {
        "text": "There is no Level 4C",
        "frame": 0
    },
    {
        "text": "On Desktop you can change the keys you wish to use for movement in the options",
        "frame": 0
    }
]